month,avg_balance_cr,credit_turnover_cr,debit_turnover_cr,cheque_returns,limit_cr,utilized_cr,utilization_pct
Apr-2024,4.5,52.0,51.2,1,1200.0,1080.0,90.0
May-2024,4.2,50.0,49.5,2,1200.0,1100.0,91.7
Jun-2024,3.8,48.0,49.0,3,1200.0,1110.0,92.5
Jul-2024,3.5,45.0,46.5,2,1200.0,1125.0,93.8
Aug-2024,3.0,42.0,44.0,4,1200.0,1140.0,95.0
Sep-2024,3.2,44.0,43.5,3,1200.0,1128.0,94.0
Oct-2024,2.8,40.0,42.0,5,1200.0,1152.0,96.0
Nov-2024,2.5,38.0,40.0,6,1200.0,1164.0,97.0
Dec-2024,2.1,35.0,38.0,8,1200.0,1176.0,98.0
Jan-2025,2.5,40.0,39.5,5,1200.0,1155.0,96.2
Feb-2025,2.8,42.0,41.0,4,1200.0,1140.0,95.0
Mar-2025,3.0,45.0,44.0,3,1200.0,1128.0,94.0
