date,facility,limit_cr,utilized_cr,drawing_power_cr,utilization_pct
01-Apr-2024,CC,50.0,42.0,48.0,84.0
01-May-2024,CC,50.0,44.5,47.5,89.0
01-Jun-2024,CC,50.0,46.2,47.0,92.4
01-Jul-2024,CC,50.0,47.8,46.5,95.6
01-Aug-2024,CC,50.0,48.5,46.0,97.0
01-Sep-2024,CC,50.0,45.0,47.0,90.0
01-Oct-2024,CC,50.0,47.0,46.5,94.0
01-Nov-2024,CC,50.0,49.0,46.0,98.0
01-Dec-2024,CC,50.0,49.5,45.5,99.0
01-Jan-2025,CC,50.0,47.5,46.5,95.0
01-Feb-2025,CC,50.0,46.0,47.0,92.0
01-Mar-2025,CC,50.0,44.5,48.0,89.0
01-Apr-2024,TL,85.0,78.0,85.0,91.8
01-Jul-2024,TL,85.0,70.5,85.0,82.9
01-Oct-2024,TL,85.0,63.0,85.0,74.1
01-Jan-2025,TL,85.0,55.5,85.0,65.3
